[
  {
    "name": "ASSEMBLY TOOLS",
    "level": 1,
    "subcategories": 0,
    "id": "11495474015"
  },
  {
    "name": "AUTOMATION CONTROL (4)",
    "level": 1,
    "subcategories": 4,
    "id": "5384028015"
  },
  {
    "name": "HMI",
    "level": 2,
    "subcategories": 0,
    "id": "6686264015"
  },
  {
    "name": "I/O BOARDS",
    "level": 2,
    "subcategories": 0,
    "id": "18373835"
  },
  {
    "name": "PLC",
    "level": 2,
    "subcategories": 0,
    "id": "5404089015"
  },
  {
    "name": "POWER SUPPLY",
    "level": 2,
    "subcategories": 0,
    "id": "2242362015"
  },
  {
    "name": "BEARINGS (9)",
    "level": 1,
    "subcategories": 9,
    "id": "6690505015"
  },
  {
    "name": "BALL",
    "level": 2,
    "subcategories": 0,
    "id": "4173714015"
  },
  {
    "name": "CAM FOLLOWER",
    "level": 2,
    "subcategories": 0,
    "id": "4173170015"
  },
  {
    "name": "FLANGE BEARINGS",
    "level": 2,
    "subcategories": 0,
    "id": "4173165015"
  },
  {
    "name": "LINEAR",
    "level": 2,
    "subcategories": 0,
    "id": "4173713015"
  },
  {
    "name": "NEEDLE",
    "level": 2,
    "subcategories": 0,
    "id": "4173171015"
  },
  {
    "name": "PILLOW BLOCK",
    "level": 2,
    "subcategories": 0,
    "id": "4173166015"
  },
  {
    "name": "ROLLER",
    "level": 2,
    "subcategories": 0,
    "id": "4173168015"
  },
  {
    "name": "TAPERED",
    "level": 2,
    "subcategories": 0,
    "id": "4173167015"
  },
  {
    "name": "THRUST",
    "level": 2,
    "subcategories": 0,
    "id": "4173169015"
  },
  {
    "name": "COMPUTERS & ACCESSORIES",
    "level": 1,
    "subcategories": 0,
    "id": "19438754015"
  },
  {
    "name": "ELECTRICAL (5)",
    "level": 1,
    "subcategories": 5,
    "id": "393385015"
  },
  {
    "name": "CIRCUIT BREAKERS",
    "level": 2,
    "subcategories": 0,
    "id": "5634105015"
  },
  {
    "name": "DISCONNECTS",
    "level": 2,
    "subcategories": 0,
    "id": "20338717"
  },
  {
    "name": "ENCLOSURES",
    "level": 2,
    "subcategories": 0,
    "id": "18373801"
  },
  {
    "name": "FUSES & HOLDERS",
    "level": 2,
    "subcategories": 0,
    "id": "18373807"
  },
  {
    "name": "TRANSFORMERS",
    "level": 2,
    "subcategories": 0,
    "id": "5634104015"
  },
  {
    "name": "FILTRATION (5)",
    "level": 1,
    "subcategories": 5,
    "id": "2343161015"
  },
  {
    "name": "AIR FILTER",
    "level": 2,
    "subcategories": 0,
    "id": "2343164015"
  },
  {
    "name": "COOLANT FILTER",
    "level": 2,
    "subcategories": 0,
    "id": "2343166015"
  },
  {
    "name": "HYDRAULIC FILTER",
    "level": 2,
    "subcategories": 0,
    "id": "2343163015"
  },
  {
    "name": "OIL FILTER",
    "level": 2,
    "subcategories": 0,
    "id": "2343165015"
  },
  {
    "name": "WATER FILTER",
    "level": 2,
    "subcategories": 0,
    "id": "2343162015"
  },
  {
    "name": "HVAC (2)",
    "level": 1,
    "subcategories": 2,
    "id": "17167473"
  },
  {
    "name": "CHILLERS",
    "level": 2,
    "subcategories": 0,
    "id": "2457873015"
  },
  {
    "name": "FANS",
    "level": 2,
    "subcategories": 0,
    "id": "2457884015"
  },
  {
    "name": "HYDRAULICS (5)",
    "level": 1,
    "subcategories": 5,
    "id": "6689962015"
  },
  {
    "name": "HYDRAULIC ACCUMULATORS",
    "level": 2,
    "subcategories": 0,
    "id": "6696063015"
  },
  {
    "name": "HYDRAULIC ACTUATORS",
    "level": 2,
    "subcategories": 0,
    "id": "6696062015"
  },
  {
    "name": "HYDRAULIC CYLINDERS",
    "level": 2,
    "subcategories": 0,
    "id": "6696061015"
  },
  {
    "name": "HYDRAULIC PUMPS",
    "level": 2,
    "subcategories": 0,
    "id": "6696064015"
  },
  {
    "name": "HYDRAULIC VALVES",
    "level": 2,
    "subcategories": 0,
    "id": "6696060015"
  },
  {
    "name": "INDUSTRIAL CONTROL (27)",
    "level": 1,
    "subcategories": 27,
    "id": "6688149015"
  },
  {
    "name": "CONTROL RELAYS",
    "level": 2,
    "subcategories": 0,
    "id": "2242359015"
  },
  {
    "name": "CORD SETS",
    "level": 2,
    "subcategories": 0,
    "id": "1856435015"
  },
  {
    "name": "COUNTERS",
    "level": 2,
    "subcategories": 0,
    "id": "18373799"
  },
  {
    "name": "E-STOP SWITCHES",
    "level": 2,
    "subcategories": 0,
    "id": "4173756015"
  },
  {
    "name": "FOOT SWITCHES",
    "level": 2,
    "subcategories": 0,
    "id": "4173739015"
  },
  {
    "name": "GAUGES",
    "level": 2,
    "subcategories": 0,
    "id": "1484016015"
  },
  {
    "name": "ILLUMINATED BUTTONS",
    "level": 2,
    "subcategories": 0,
    "id": "4173737015"
  },
  {
    "name": "JOYSTICKS",
    "level": 2,
    "subcategories": 0,
    "id": "4173758015"
  },
  {
    "name": "KEY SWITCHES",
    "level": 2,
    "subcategories": 0,
    "id": "4173738015"
  },
  {
    "name": "LIMIT SWITCHES",
    "level": 2,
    "subcategories": 0,
    "id": "4173745015"
  },
  {
    "name": "MACHINE SAFETY",
    "level": 2,
    "subcategories": 0,
    "id": "2464037015"
  },
  {
    "name": "MAINTAINED BUTTONS",
    "level": 2,
    "subcategories": 0,
    "id": "4173736015"
  },
  {
    "name": "MICRO SWITCHES",
    "level": 2,
    "subcategories": 0,
    "id": "4173752015"
  },
  {
    "name": "MOMENTARY BUTTONS",
    "level": 2,
    "subcategories": 0,
    "id": "4173735015"
  },
  {
    "name": "MOTOR CONTROLS",
    "level": 2,
    "subcategories": 0,
    "id": "2348910015"
  },
  {
    "name": "PALM OPERATED BUTTONS",
    "level": 2,
    "subcategories": 0,
    "id": "4173743015"
  },
  {
    "name": "PANEL METERS",
    "level": 2,
    "subcategories": 0,
    "id": "5634088015"
  },
  {
    "name": "PILOT LIGHTS",
    "level": 2,
    "subcategories": 0,
    "id": "2464042015"
  },
  {
    "name": "POTENTIOMETERS",
    "level": 2,
    "subcategories": 0,
    "id": "4173757015"
  },
  {
    "name": "PRESSURE CONTROLS",
    "level": 2,
    "subcategories": 0,
    "id": "1484009015"
  },
  {
    "name": "SELECTOR SWITCHES",
    "level": 2,
    "subcategories": 0,
    "id": "4173742015"
  },
  {
    "name": "SOUND MODULES",
    "level": 2,
    "subcategories": 0,
    "id": "6327053015"
  },
  {
    "name": "STACK LIGHTS",
    "level": 2,
    "subcategories": 0,
    "id": "6690583015"
  },
  {
    "name": "TEMPERATURE CONTROLS",
    "level": 2,
    "subcategories": 0,
    "id": "2461872015"
  },
  {
    "name": "TIMERS",
    "level": 2,
    "subcategories": 0,
    "id": "18373798"
  },
  {
    "name": "TRANSDUCERS",
    "level": 2,
    "subcategories": 0,
    "id": "18373834"
  },
  {
    "name": "TRANSMITTERS",
    "level": 2,
    "subcategories": 0,
    "id": "5634089015"
  },
  {
    "name": "LIGHTING BALLASTS",
    "level": 1,
    "subcategories": 0,
    "id": "20030375015"
  },
  {
    "name": "MACHINERY",
    "level": 1,
    "subcategories": 0,
    "id": "5384029015"
  },
  {
    "name": "MATERIAL HANDLING",
    "level": 1,
    "subcategories": 0,
    "id": "2348909015"
  },
  {
    "name": "MISCELLANEOUS",
    "level": 1,
    "subcategories": 0,
    "id": "23399313015"
  },
  {
    "name": "MOTION CONTROL (2)",
    "level": 1,
    "subcategories": 2,
    "id": "6686262015"
  },
  {
    "name": "ENCODERS",
    "level": 2,
    "subcategories": 0,
    "id": "1802953015"
  },
  {
    "name": "SERVO DRIVES",
    "level": 2,
    "subcategories": 0,
    "id": "393390015"
  },
  {
    "name": "PNEUMATICS (10)",
    "level": 1,
    "subcategories": 10,
    "id": "6689961015"
  },
  {
    "name": "ACTUATORS",
    "level": 2,
    "subcategories": 0,
    "id": "2461878015"
  },
  {
    "name": "CYLINDERS",
    "level": 2,
    "subcategories": 0,
    "id": "2461873015"
  },
  {
    "name": "DRYERS",
    "level": 2,
    "subcategories": 0,
    "id": "2461877015"
  },
  {
    "name": "FILTERS",
    "level": 2,
    "subcategories": 0,
    "id": "2461880015"
  },
  {
    "name": "GRIPPER",
    "level": 2,
    "subcategories": 0,
    "id": "6699359015"
  },
  {
    "name": "LUBRICATORS",
    "level": 2,
    "subcategories": 0,
    "id": "2461876015"
  },
  {
    "name": "MUFFLER",
    "level": 2,
    "subcategories": 0,
    "id": "6690373015"
  },
  {
    "name": "NIPPER",
    "level": 2,
    "subcategories": 0,
    "id": "6699358015"
  },
  {
    "name": "PNEUMATIC VALVES",
    "level": 2,
    "subcategories": 0,
    "id": "2461874015"
  },
  {
    "name": "REGULATORS",
    "level": 2,
    "subcategories": 0,
    "id": "2461875015"
  },
  {
    "name": "POWER TRANSMISSION (11)",
    "level": 1,
    "subcategories": 11,
    "id": "17167474"
  },
  {
    "name": "BALL SCREWS",
    "level": 2,
    "subcategories": 0,
    "id": "6690432015"
  },
  {
    "name": "BELTS",
    "level": 2,
    "subcategories": 0,
    "id": "6688333015"
  },
  {
    "name": "BRAKES",
    "level": 2,
    "subcategories": 0,
    "id": "6688331015"
  },
  {
    "name": "CLUTCHES",
    "level": 2,
    "subcategories": 0,
    "id": "393386015"
  },
  {
    "name": "ELECTRIC MOTORS",
    "level": 2,
    "subcategories": 0,
    "id": "17167471"
  },
  {
    "name": "GEAR REDUCERS",
    "level": 2,
    "subcategories": 0,
    "id": "6688332015"
  },
  {
    "name": "LINEAR ACTUATORS",
    "level": 2,
    "subcategories": 0,
    "id": "6690433015"
  },
  {
    "name": "LINEAR RAILS",
    "level": 2,
    "subcategories": 0,
    "id": "6690434015"
  },
  {
    "name": "ROLLER CHAINS",
    "level": 2,
    "subcategories": 0,
    "id": "6688335015"
  },
  {
    "name": "SERVO MOTORS",
    "level": 2,
    "subcategories": 0,
    "id": "393389015"
  },
  {
    "name": "SPROCKETS",
    "level": 2,
    "subcategories": 0,
    "id": "6688334015"
  },
  {
    "name": "PUMPS (6)",
    "level": 1,
    "subcategories": 6,
    "id": "6689959015"
  },
  {
    "name": "CENTRIFUGAL PUMP",
    "level": 2,
    "subcategories": 0,
    "id": "6689968015"
  },
  {
    "name": "CONDENSATE PUMP",
    "level": 2,
    "subcategories": 0,
    "id": "6689971015"
  },
  {
    "name": "DIAPHRAGM PUMP",
    "level": 2,
    "subcategories": 0,
    "id": "6689969015"
  },
  {
    "name": "HYDRAULIC PUMP",
    "level": 2,
    "subcategories": 0,
    "id": "6689966015"
  },
  {
    "name": "METERING PUMP",
    "level": 2,
    "subcategories": 0,
    "id": "6689970015"
  },
  {
    "name": "VACUUM PUMP",
    "level": 2,
    "subcategories": 0,
    "id": "6689967015"
  },
  {
    "name": "QUALITY & TEST",
    "level": 1,
    "subcategories": 0,
    "id": "6686263015"
  },
  {
    "name": "REGENERATIVE BLOWERS",
    "level": 1,
    "subcategories": 0,
    "id": "18206302015"
  },
  {
    "name": "ROBOTICS",
    "level": 1,
    "subcategories": 0,
    "id": "5384030015"
  },
  {
    "name": "SEARCH BY BRAND (113)",
    "level": 1,
    "subcategories": 113,
    "id": "5933544015"
  },
  {
    "name": "ABB",
    "level": 2,
    "subcategories": 0,
    "id": "5933571015"
  },
  {
    "name": "ACME",
    "level": 2,
    "subcategories": 0,
    "id": "5933639015"
  },
  {
    "name": "ADEPT TECH",
    "level": 2,
    "subcategories": 0,
    "id": "5933572015"
  },
  {
    "name": "ALLEN BRADLEY",
    "level": 2,
    "subcategories": 0,
    "id": "5933557015"
  },
  {
    "name": "ALPHA",
    "level": 2,
    "subcategories": 0,
    "id": "6690346015"
  },
  {
    "name": "ARO",
    "level": 2,
    "subcategories": 0,
    "id": "6706056015"
  },
  {
    "name": "ARROW",
    "level": 2,
    "subcategories": 0,
    "id": "6690590015"
  },
  {
    "name": "ASCO",
    "level": 2,
    "subcategories": 0,
    "id": "5933573015"
  },
  {
    "name": "ATLAS COPCO",
    "level": 2,
    "subcategories": 0,
    "id": "6675026015"
  },
  {
    "name": "ATO",
    "level": 2,
    "subcategories": 0,
    "id": "6690334015"
  },
  {
    "name": "AUTOMATION DIRECT",
    "level": 2,
    "subcategories": 0,
    "id": "5933586015"
  },
  {
    "name": "BALDOR",
    "level": 2,
    "subcategories": 0,
    "id": "6690335015"
  },
  {
    "name": "BALLUFF",
    "level": 2,
    "subcategories": 0,
    "id": "5933595015"
  },
  {
    "name": "BANNER ENGINEERING",
    "level": 2,
    "subcategories": 0,
    "id": "5933560015"
  },
  {
    "name": "BARKSDALE",
    "level": 2,
    "subcategories": 0,
    "id": "6690371015"
  },
  {
    "name": "BAYSIDE",
    "level": 2,
    "subcategories": 0,
    "id": "6690342015"
  },
  {
    "name": "BEI",
    "level": 2,
    "subcategories": 0,
    "id": "5933583015"
  },
  {
    "name": "BIMBA",
    "level": 2,
    "subcategories": 0,
    "id": "5933591015"
  },
  {
    "name": "BISON",
    "level": 2,
    "subcategories": 0,
    "id": "6690337015"
  },
  {
    "name": "BODINE",
    "level": 2,
    "subcategories": 0,
    "id": "6690336015"
  },
  {
    "name": "BOSCH",
    "level": 2,
    "subcategories": 0,
    "id": "6690445015"
  },
  {
    "name": "BOSTON GEAR",
    "level": 2,
    "subcategories": 0,
    "id": "6690344015"
  },
  {
    "name": "BRAD HARRISON",
    "level": 2,
    "subcategories": 0,
    "id": "6690582015"
  },
  {
    "name": "BUSSMAN",
    "level": 2,
    "subcategories": 0,
    "id": "6695680015"
  },
  {
    "name": "CKD",
    "level": 2,
    "subcategories": 0,
    "id": "6690461015"
  },
  {
    "name": "CONTROL TECHNIQUES",
    "level": 2,
    "subcategories": 0,
    "id": "5933568015"
  },
  {
    "name": "CUTLER HAMMER",
    "level": 2,
    "subcategories": 0,
    "id": "5933563015"
  },
  {
    "name": "DAIKIN",
    "level": 2,
    "subcategories": 0,
    "id": "6690485015"
  },
  {
    "name": "DAYTON",
    "level": 2,
    "subcategories": 0,
    "id": "6690121015"
  },
  {
    "name": "DODGE",
    "level": 2,
    "subcategories": 0,
    "id": "6690341015"
  },
  {
    "name": "DYNAQUIP",
    "level": 2,
    "subcategories": 0,
    "id": "6690484015"
  },
  {
    "name": "EAGLE SIGNAL",
    "level": 2,
    "subcategories": 0,
    "id": "5933593015"
  },
  {
    "name": "EFECTOR",
    "level": 2,
    "subcategories": 0,
    "id": "5933596015"
  },
  {
    "name": "EMERSON",
    "level": 2,
    "subcategories": 0,
    "id": "5933567015"
  },
  {
    "name": "ENERPAC",
    "level": 2,
    "subcategories": 0,
    "id": "6690094015"
  },
  {
    "name": "FANUC",
    "level": 2,
    "subcategories": 0,
    "id": "5933569015"
  },
  {
    "name": "FEDERAL SIGNAL",
    "level": 2,
    "subcategories": 0,
    "id": "6690589015"
  },
  {
    "name": "FERRAZ SHAWMUT",
    "level": 2,
    "subcategories": 0,
    "id": "6695705015"
  },
  {
    "name": "FESTO",
    "level": 2,
    "subcategories": 0,
    "id": "5933575015"
  },
  {
    "name": "FUJI",
    "level": 2,
    "subcategories": 0,
    "id": "5933564015"
  },
  {
    "name": "GE",
    "level": 2,
    "subcategories": 0,
    "id": "5933599015"
  },
  {
    "name": "GIDDINGS & LEWIS",
    "level": 2,
    "subcategories": 0,
    "id": "6690367015"
  },
  {
    "name": "GOULD",
    "level": 2,
    "subcategories": 0,
    "id": "6695677015"
  },
  {
    "name": "GRACO",
    "level": 2,
    "subcategories": 0,
    "id": "6690116015"
  },
  {
    "name": "HEIDENHAIN",
    "level": 2,
    "subcategories": 0,
    "id": "6695679015"
  },
  {
    "name": "HOFFMAN",
    "level": 2,
    "subcategories": 0,
    "id": "6671553015"
  },
  {
    "name": "HONEYWELL",
    "level": 2,
    "subcategories": 0,
    "id": "5933602015"
  },
  {
    "name": "HORTON",
    "level": 2,
    "subcategories": 0,
    "id": "6690347015"
  },
  {
    "name": "HYDAC",
    "level": 2,
    "subcategories": 0,
    "id": "6690437015"
  },
  {
    "name": "IAI",
    "level": 2,
    "subcategories": 0,
    "id": "6695678015"
  },
  {
    "name": "IDEC",
    "level": 2,
    "subcategories": 0,
    "id": "5933600015"
  },
  {
    "name": "INGERSOLL RAND",
    "level": 2,
    "subcategories": 0,
    "id": "5933603015"
  },
  {
    "name": "JOHNSON CONTROLS",
    "level": 2,
    "subcategories": 0,
    "id": "5933601015"
  },
  {
    "name": "JOKAB SAFETY",
    "level": 2,
    "subcategories": 0,
    "id": "6695864015"
  },
  {
    "name": "KEYENCE",
    "level": 2,
    "subcategories": 0,
    "id": "5933559015"
  },
  {
    "name": "LEESON",
    "level": 2,
    "subcategories": 0,
    "id": "6690338015"
  },
  {
    "name": "LIEBERT",
    "level": 2,
    "subcategories": 0,
    "id": "6695888015"
  },
  {
    "name": "LITTELFUSE",
    "level": 2,
    "subcategories": 0,
    "id": "7989168015"
  },
  {
    "name": "MAC VALVE",
    "level": 2,
    "subcategories": 0,
    "id": "6689963015"
  },
  {
    "name": "MILLER",
    "level": 2,
    "subcategories": 0,
    "id": "5933580015"
  },
  {
    "name": "MITSUBISHI",
    "level": 2,
    "subcategories": 0,
    "id": "5933585015"
  },
  {
    "name": "MODICON",
    "level": 2,
    "subcategories": 0,
    "id": "5933582015"
  },
  {
    "name": "MOOG",
    "level": 2,
    "subcategories": 0,
    "id": "5933590015"
  },
  {
    "name": "MOTION INDUSTRIES",
    "level": 2,
    "subcategories": 0,
    "id": "6690370015"
  },
  {
    "name": "MOTOMAN",
    "level": 2,
    "subcategories": 0,
    "id": "5933570015"
  },
  {
    "name": "MTS",
    "level": 2,
    "subcategories": 0,
    "id": "5933597015"
  },
  {
    "name": "NATIONAL INSTRUMENTS",
    "level": 2,
    "subcategories": 0,
    "id": "6688143015"
  },
  {
    "name": "NEMIC LAMBDA",
    "level": 2,
    "subcategories": 0,
    "id": "8615563015"
  },
  {
    "name": "NEUGART",
    "level": 2,
    "subcategories": 0,
    "id": "6690343015"
  },
  {
    "name": "NORDSON",
    "level": 2,
    "subcategories": 0,
    "id": "5933581015"
  },
  {
    "name": "NORGREN",
    "level": 2,
    "subcategories": 0,
    "id": "6690460015"
  },
  {
    "name": "NUMATICS",
    "level": 2,
    "subcategories": 0,
    "id": "6690459015"
  },
  {
    "name": "OMRON",
    "level": 2,
    "subcategories": 0,
    "id": "5933558015"
  },
  {
    "name": "ORIENTAL MOTOR CO.",
    "level": 2,
    "subcategories": 0,
    "id": "6718027015"
  },
  {
    "name": "PACIFIC SCIENTIFIC",
    "level": 2,
    "subcategories": 0,
    "id": "5933565015"
  },
  {
    "name": "PANASONIC",
    "level": 2,
    "subcategories": 0,
    "id": "5933566015"
  },
  {
    "name": "PARKER",
    "level": 2,
    "subcategories": 0,
    "id": "5933577015"
  },
  {
    "name": "PATLITE",
    "level": 2,
    "subcategories": 0,
    "id": "6690588015"
  },
  {
    "name": "PEPPERL+FUCHS",
    "level": 2,
    "subcategories": 0,
    "id": "6717974015"
  },
  {
    "name": "PHD",
    "level": 2,
    "subcategories": 0,
    "id": "6688145015"
  },
  {
    "name": "PHOENIX CONTACT",
    "level": 2,
    "subcategories": 0,
    "id": "5933592015"
  },
  {
    "name": "PILZ",
    "level": 2,
    "subcategories": 0,
    "id": "5933578015"
  },
  {
    "name": "PINNACLE",
    "level": 2,
    "subcategories": 0,
    "id": "5933579015"
  },
  {
    "name": "PROFACE",
    "level": 2,
    "subcategories": 0,
    "id": "9100281015"
  },
  {
    "name": "RED LION",
    "level": 2,
    "subcategories": 0,
    "id": "6688144015"
  },
  {
    "name": "RELIANCE",
    "level": 2,
    "subcategories": 0,
    "id": "6690340015"
  },
  {
    "name": "REXROTH",
    "level": 2,
    "subcategories": 0,
    "id": "5933589015"
  },
  {
    "name": "ROSS VALVE",
    "level": 2,
    "subcategories": 0,
    "id": "6689964015"
  },
  {
    "name": "SANYO DENKI",
    "level": 2,
    "subcategories": 0,
    "id": "5933584015"
  },
  {
    "name": "SCHMERSAL",
    "level": 2,
    "subcategories": 0,
    "id": "6706057015"
  },
  {
    "name": "SEW EURODRIVE",
    "level": 2,
    "subcategories": 0,
    "id": "6690345015"
  },
  {
    "name": "SICK",
    "level": 2,
    "subcategories": 0,
    "id": "5933594015"
  },
  {
    "name": "SIEMENS",
    "level": 2,
    "subcategories": 0,
    "id": "5933561015"
  },
  {
    "name": "SKF",
    "level": 2,
    "subcategories": 0,
    "id": "8530044015"
  },
  {
    "name": "SKINNER",
    "level": 2,
    "subcategories": 0,
    "id": "6690446015"
  },
  {
    "name": "SMC",
    "level": 2,
    "subcategories": 0,
    "id": "5933574015"
  },
  {
    "name": "SOLA",
    "level": 2,
    "subcategories": 0,
    "id": "5933638015"
  },
  {
    "name": "SONY",
    "level": 2,
    "subcategories": 0,
    "id": "6695902015"
  },
  {
    "name": "SPEEDAIR",
    "level": 2,
    "subcategories": 0,
    "id": "6690456015"
  },
  {
    "name": "SPRECHER SCHUH",
    "level": 2,
    "subcategories": 0,
    "id": "6690368015"
  },
  {
    "name": "SQUARE D",
    "level": 2,
    "subcategories": 0,
    "id": "5933562015"
  },
  {
    "name": "STI",
    "level": 2,
    "subcategories": 0,
    "id": "5933588015"
  },
  {
    "name": "SUNX",
    "level": 2,
    "subcategories": 0,
    "id": "5933587015"
  },
  {
    "name": "TELEMECANIQUE",
    "level": 2,
    "subcategories": 0,
    "id": "5933598015"
  },
  {
    "name": "THOMSON INDUSTRIES",
    "level": 2,
    "subcategories": 0,
    "id": "6690369015"
  },
  {
    "name": "TIMKEN",
    "level": 2,
    "subcategories": 0,
    "id": "7989166015"
  },
  {
    "name": "TOL-O-MATIC",
    "level": 2,
    "subcategories": 0,
    "id": "6690385015"
  },
  {
    "name": "TURCK",
    "level": 2,
    "subcategories": 0,
    "id": "6690366015"
  },
  {
    "name": "UTICOR",
    "level": 2,
    "subcategories": 0,
    "id": "6695908015"
  },
  {
    "name": "VICKERS",
    "level": 2,
    "subcategories": 0,
    "id": "5933576015"
  },
  {
    "name": "YASKAWA",
    "level": 2,
    "subcategories": 0,
    "id": "6686271015"
  },
  {
    "name": "YOKOGAWA",
    "level": 2,
    "subcategories": 0,
    "id": "6692842015"
  },
  {
    "name": "ZANDER",
    "level": 2,
    "subcategories": 0,
    "id": "6690339015"
  },
  {
    "name": "SENSING DEVICES (16)",
    "level": 1,
    "subcategories": 16,
    "id": "6686267015"
  },
  {
    "name": "BARCODE SCANNERS",
    "level": 2,
    "subcategories": 0,
    "id": "6690176015"
  },
  {
    "name": "COLOR SENSORS",
    "level": 2,
    "subcategories": 0,
    "id": "4173796015"
  },
  {
    "name": "CURRENT SENSORS",
    "level": 2,
    "subcategories": 0,
    "id": "4173797015"
  },
  {
    "name": "FIBER OPTIC SENSORS",
    "level": 2,
    "subcategories": 0,
    "id": "5785856015"
  },
  {
    "name": "FLOW SENSORS",
    "level": 2,
    "subcategories": 0,
    "id": "4173798015"
  },
  {
    "name": "LASER SENSORS",
    "level": 2,
    "subcategories": 0,
    "id": "2479732015"
  },
  {
    "name": "LEVEL SENSORS",
    "level": 2,
    "subcategories": 0,
    "id": "4173792015"
  },
  {
    "name": "LIGHT CURTAINS",
    "level": 2,
    "subcategories": 0,
    "id": "393379015"
  },
  {
    "name": "LIGHT SENSORS",
    "level": 2,
    "subcategories": 0,
    "id": "4173799015"
  },
  {
    "name": "LINEAR SENSORS",
    "level": 2,
    "subcategories": 0,
    "id": "5634087015"
  },
  {
    "name": "LOAD CELLS",
    "level": 2,
    "subcategories": 0,
    "id": "5436340015"
  },
  {
    "name": "PHOTOELECTRIC SENSORS",
    "level": 2,
    "subcategories": 0,
    "id": "4173793015"
  },
  {
    "name": "PRESSURE SENSORS",
    "level": 2,
    "subcategories": 0,
    "id": "6690386015"
  },
  {
    "name": "PROXIMITY SENSORS",
    "level": 2,
    "subcategories": 0,
    "id": "4173791015"
  },
  {
    "name": "RFID READER",
    "level": 2,
    "subcategories": 0,
    "id": "6695702015"
  },
  {
    "name": "TEMPERATURE SENSORS",
    "level": 2,
    "subcategories": 0,
    "id": "6690556015"
  },
  {
    "name": "SPEED CONTROLS (2)",
    "level": 1,
    "subcategories": 2,
    "id": "6686272015"
  },
  {
    "name": "AC Drive",
    "level": 2,
    "subcategories": 0,
    "id": "2242358015"
  },
  {
    "name": "DC DRIVE",
    "level": 2,
    "subcategories": 0,
    "id": "6688299015"
  },
  {
    "name": "VALVES (11)",
    "level": 1,
    "subcategories": 11,
    "id": "6690464015"
  },
  {
    "name": "BALL VALVES",
    "level": 2,
    "subcategories": 0,
    "id": "6690466015"
  },
  {
    "name": "BUTTERFLY VALVES",
    "level": 2,
    "subcategories": 0,
    "id": "6690465015"
  },
  {
    "name": "CHECK VALVES",
    "level": 2,
    "subcategories": 0,
    "id": "6690467015"
  },
  {
    "name": "FLOAT VALVES",
    "level": 2,
    "subcategories": 0,
    "id": "6690474015"
  },
  {
    "name": "GAS VALVES",
    "level": 2,
    "subcategories": 0,
    "id": "6690469015"
  },
  {
    "name": "GLOBE VALVES",
    "level": 2,
    "subcategories": 0,
    "id": "6690472015"
  },
  {
    "name": "LOCKOUT VALVES",
    "level": 2,
    "subcategories": 0,
    "id": "6690470015"
  },
  {
    "name": "PRESSURE RELIEF",
    "level": 2,
    "subcategories": 0,
    "id": "6690486015"
  },
  {
    "name": "PROPORTIONAL VALVES",
    "level": 2,
    "subcategories": 0,
    "id": "6690471015"
  },
  {
    "name": "SOLENOID VALVES",
    "level": 2,
    "subcategories": 0,
    "id": "6690468015"
  },
  {
    "name": "STEAM VALVES",
    "level": 2,
    "subcategories": 0,
    "id": "6690473015"
  }
]